kairosehack@hotmail.com,425998
kairosehack@hotmail.com,390587
kairosehack@hotmail.com,338390
kairosehack@hotmail.com,744734
kairosehack@hotmail.com,158689
kairosehack@hotmail.com,299326
kairosehack@hotmail.com,558757
kairosehack@hotmail.com,948147
kairosehack@hotmail.com,295881
kairosehack@hotmail.com,452655
kairosehack@hotmail.com,131391
kairosehack@hotmail.com,603656
kairosehack@hotmail.com,534625
kairosehack@hotmail.com,370186
kairosehack@hotmail.com,103470
mail,671485
emirgul1946@gmail.com,626845
bkaanaydin@gmail.com,512039
